drawing_id,drawing_timestamp,user_id,valence,arousal,trial_index,points,participant_created_at,consent_version,gender,age_group,handedness,device_type,withdraw_status,withdraw_reason,withdraw_created_at
1,2025-09-16T14:49:44,1as8iwft,-4,5,1,"[{""x"":231.81818181818184,""y"":362.28693181818187},{""x"":231.81818181818184,""y"":362.28693181818187},{""x"":231.81818181818184,""y"":362.28693181818187},{""x"":226.13636363636365,""y"":362.28693181818187},{""x"":214.77272727272728,""y"":362.28693181818187},{""x"":200.00000000000003,""y"":362.28693181818187},{""x"":176.13636363636365,""y"":354.3323863636364},{""x"":153.40909090909093,""y"":332.7414772727273},{""x"":138.63636363636365,""y"":303.19602272727275},{""x"":130.6818181818182,""y"":258.87784090909093},{""x"":129.54545454545456,""y"":215.69602272727275},{""x"":140.90909090909093,""y"":183.87784090909093},{""x"":163.63636363636365,""y"":156.60511363636365},{""x"":197.72727272727275,""y"":139.5596590909091},{""x"":235.22727272727275,""y"":133.87784090909093},{""x"":276.1363636363637,""y"":141.83238636363637},{""x"":317.04545454545456,""y"":165.69602272727275},{""x"":346.5909090909091,""y"":197.51420454545456},{""x"":365.90909090909093,""y"":233.87784090909093},{""x"":377.2727272727273,""y"":271.37784090909093},{""x"":380.68181818181824,""y"":306.6051136363637},{""x"":375.00000000000006,""y"":337.28693181818187},{""x"":357.9545454545455,""y"":361.1505681818182},{""x"":327.2727272727273,""y"":380.46875000000006},{""x"":282.9545454545455,""y"":391.8323863636364},{""x"":242.04545454545456,""y"":391.8323863636364},{""x"":209.09090909090912,""y"":385.01420454545456},{""x"":184.0909090909091,""y"":375.9232954545455},{""x"":168.1818181818182,""y"":370.2414772727273}]",2025-09-16T14:49:41,v1.0,male,20s,right,pc,,,
2,2025-09-16T14:49:47,1as8iwft,10,-5,2,"[{""x"":275,""y"":303.76420454545456},{""x"":275,""y"":304.9005681818182},{""x"":275,""y"":304.9005681818182},{""x"":271.5909090909091,""y"":306.03693181818187},{""x"":263.6363636363637,""y"":308.3096590909091},{""x"":251.13636363636365,""y"":308.3096590909091},{""x"":231.81818181818184,""y"":308.3096590909091},{""x"":204.54545454545456,""y"":300.3551136363637},{""x"":173.86363636363637,""y"":276.4914772727273},{""x"":150,""y"":242.40056818181822},{""x"":138.63636363636365,""y"":206.03693181818184},{""x"":136.36363636363637,""y"":171.94602272727275},{""x"":140.90909090909093,""y"":136.71875},{""x"":153.40909090909093,""y"":109.44602272727273},{""x"":175.00000000000003,""y"":87.85511363636364},{""x"":203.40909090909093,""y"":71.94602272727273},{""x"":234.09090909090912,""y"":63.99147727272728},{""x"":262.5,""y"":62.85511363636364},{""x"":284.0909090909091,""y"":68.53693181818183},{""x"":302.2727272727273,""y"":83.3096590909091},{""x"":318.1818181818182,""y"":104.90056818181819},{""x"":323.8636363636364,""y"":131.03693181818184},{""x"":326.1363636363637,""y"":163.99147727272728},{""x"":322.72727272727275,""y"":198.08238636363637},{""x"":312.5,""y"":227.62784090909093},{""x"":295.4545454545455,""y"":250.35511363636365},{""x"":272.72727272727275,""y"":263.9914772727273},{""x"":246.59090909090912,""y"":269.6732954545455},{""x"":222.72727272727275,""y"":270.8096590909091},{""x"":205.6818181818182,""y"":270.8096590909091},{""x"":193.1818181818182,""y"":269.6732954545455},{""x"":185.22727272727275,""y"":267.4005681818182}]",2025-09-16T14:49:41,v1.0,male,20s,right,pc,,,
3,2025-09-16T14:49:49,1as8iwft,7,-9,3,"[{""x"":271.5909090909091,""y"":390.12784090909093},{""x"":271.5909090909091,""y"":390.12784090909093},{""x"":268.1818181818182,""y"":390.12784090909093},{""x"":257.9545454545455,""y"":390.12784090909093},{""x"":235.22727272727275,""y"":390.12784090909093},{""x"":200.00000000000003,""y"":390.12784090909093},{""x"":160.22727272727275,""y"":385.5823863636364},{""x"":121.59090909090911,""y"":366.26420454545456},{""x"":87.50000000000001,""y"":331.03693181818187},{""x"":67.04545454545455,""y"":283.3096590909091},{""x"":60.227272727272734,""y"":238.99147727272728},{""x"":67.04545454545455,""y"":192.4005681818182},{""x"":90.90909090909092,""y"":150.35511363636365},{""x"":125.00000000000001,""y"":126.49147727272728},{""x"":170.45454545454547,""y"":111.71875000000001},{""x"":218.1818181818182,""y"":103.76420454545456},{""x"":264.7727272727273,""y"":108.3096590909091},{""x"":311.3636363636364,""y"":128.76420454545456},{""x"":343.1818181818182,""y"":163.99147727272728},{""x"":365.90909090909093,""y"":210.58238636363637},{""x"":376.1363636363637,""y"":263.9914772727273},{""x"":378.40909090909093,""y"":312.8551136363637},{""x"":368.1818181818182,""y"":353.76420454545456},{""x"":346.5909090909091,""y"":390.12784090909093},{""x"":310.22727272727275,""y"":423.0823863636364},{""x"":262.5,""y"":443.53693181818187},{""x"":219.31818181818184,""y"":449.21875000000006},{""x"":184.0909090909091,""y"":448.08238636363643},{""x"":159.0909090909091,""y"":443.53693181818187},{""x"":143.1818181818182,""y"":438.9914772727273},{""x"":131.81818181818184,""y"":433.3096590909091}]",2025-09-16T14:49:41,v1.0,male,20s,right,pc,,,
4,2025-09-16T14:49:58,1as8iwft,-3,5,4,"[{""x"":265.90909090909093,""y"":354.9005681818182},{""x"":265.90909090909093,""y"":356.03693181818187},{""x"":254.54545454545456,""y"":356.03693181818187},{""x"":232.95454545454547,""y"":356.03693181818187},{""x"":203.40909090909093,""y"":350.3551136363637},{""x"":164.77272727272728,""y"":318.53693181818187},{""x"":134.0909090909091,""y"":256.0369318181818},{""x"":125.00000000000001,""y"":188.99147727272728},{""x"":135.22727272727275,""y"":123.08238636363637},{""x"":165.90909090909093,""y"":68.53693181818183},{""x"":209.09090909090912,""y"":42.40056818181819},{""x"":256.8181818181818,""y"":41.26420454545455},{""x"":303.40909090909093,""y"":62.85511363636364},{""x"":335.22727272727275,""y"":103.76420454545456},{""x"":347.72727272727275,""y"":151.49147727272728},{""x"":328.40909090909093,""y"":220.80965909090912},{""x"":265.90909090909093,""y"":309.44602272727275},{""x"":170.45454545454547,""y"":400.3551136363637},{""x"":80.68181818181819,""y"":470.8096590909091}]",2025-09-16T14:49:41,v1.0,male,20s,right,pc,,,
5,2025-09-16T14:50:05,1as8iwft,4,2,5,"[{""x"":254.54545454545456,""y"":434.44602272727275},{""x"":254.54545454545456,""y"":434.44602272727275},{""x"":252.2727272727273,""y"":434.44602272727275},{""x"":230.68181818181822,""y"":434.44602272727275},{""x"":210.22727272727275,""y"":432.1732954545455},{""x"":179.54545454545456,""y"":420.8096590909091},{""x"":150,""y"":401.4914772727273},{""x"":127.27272727272728,""y"":374.21875000000006},{""x"":110.22727272727273,""y"":344.6732954545455},{""x"":97.72727272727273,""y"":313.9914772727273},{""x"":92.04545454545455,""y"":283.3096590909091},{""x"":97.72727272727273,""y"":253.76420454545456},{""x"":113.63636363636364,""y"":223.08238636363637},{""x"":142.04545454545456,""y"":193.53693181818184},{""x"":179.54545454545456,""y"":163.99147727272728},{""x"":217.04545454545456,""y"":143.53693181818184},{""x"":251.13636363636365,""y"":132.17329545454547},{""x"":281.81818181818187,""y"":127.62784090909092},{""x"":310.22727272727275,""y"":129.9005681818182},{""x"":337.50000000000006,""y"":140.12784090909093},{""x"":359.0909090909091,""y"":156.03693181818184},{""x"":376.1363636363637,""y"":175.35511363636365},{""x"":387.50000000000006,""y"":198.08238636363637},{""x"":394.31818181818187,""y"":224.21875000000003},{""x"":396.5909090909091,""y"":250.35511363636365},{""x"":396.5909090909091,""y"":277.62784090909093},{""x"":390.90909090909093,""y"":304.9005681818182},{""x"":380.68181818181824,""y"":329.9005681818182},{""x"":367.04545454545456,""y"":350.3551136363637},{""x"":350.00000000000006,""y"":368.53693181818187},{""x"":332.9545454545455,""y"":383.3096590909091},{""x"":313.6363636363637,""y"":396.94602272727275},{""x"":290.90909090909093,""y"":410.5823863636364},{""x"":268.1818181818182,""y"":420.8096590909091},{""x"":244.31818181818184,""y"":428.76420454545456},{""x"":221.59090909090912,""y"":432.1732954545455},{""x"":201.13636363636365,""y"":435.5823863636364},{""x"":181.81818181818184,""y"":436.71875000000006},{""x"":164.77272727272728,""y"":436.71875000000006},{""x"":150,""y"":433.3096590909091},{""x"":137.5,""y"":426.4914772727273},{""x"":128.4090909090909,""y"":417.40056818181824},{""x"":121.59090909090911,""y"":408.3096590909091},{""x"":117.04545454545456,""y"":401.4914772727273},{""x"":114.77272727272728,""y"":396.94602272727275},{""x"":114.77272727272728,""y"":394.6732954545455},{""x"":113.63636363636364,""y"":392.40056818181824},{""x"":114.77272727272728,""y"":391.26420454545456},{""x"":115.90909090909092,""y"":388.9914772727273},{""x"":118.18181818181819,""y"":387.8551136363637},{""x"":119.31818181818183,""y"":387.8551136363637}]",2025-09-16T14:49:41,v1.0,male,20s,right,pc,,,
6,2025-09-16T14:50:14,1as8iwft,-5,-9,6,"[{""x"":242.04545454545456,""y"":301.4914772727273},{""x"":242.04545454545456,""y"":301.4914772727273},{""x"":240.90909090909093,""y"":301.4914772727273},{""x"":236.36363636363637,""y"":301.4914772727273},{""x"":227.27272727272728,""y"":301.4914772727273},{""x"":215.90909090909093,""y"":301.4914772727273},{""x"":204.54545454545456,""y"":298.0823863636364},{""x"":193.1818181818182,""y"":284.44602272727275},{""x"":182.95454545454547,""y"":259.44602272727275},{""x"":178.40909090909093,""y"":225.35511363636365},{""x"":179.54545454545456,""y"":190.12784090909093},{""x"":187.50000000000003,""y"":160.58238636363637},{""x"":205.6818181818182,""y"":138.99147727272728},{""x"":230.68181818181822,""y"":128.76420454545456},{""x"":260.22727272727275,""y"":128.76420454545456},{""x"":286.3636363636364,""y"":140.12784090909093},{""x"":304.54545454545456,""y"":156.03693181818184},{""x"":313.6363636363637,""y"":174.21875000000003},{""x"":318.1818181818182,""y"":190.12784090909093},{""x"":317.04545454545456,""y"":203.76420454545456},{""x"":306.81818181818187,""y"":215.12784090909093},{""x"":288.6363636363637,""y"":221.94602272727275},{""x"":262.5,""y"":227.62784090909093},{""x"":235.22727272727275,""y"":231.03693181818184},{""x"":212.50000000000003,""y"":231.03693181818184}]",2025-09-16T14:49:41,v1.0,male,20s,right,pc,,,
7,2025-09-16T14:50:20,1as8iwft,1,-7,7,"[{""x"":240.90909090909093,""y"":342.4005681818182},{""x"":240.90909090909093,""y"":342.4005681818182},{""x"":239.77272727272728,""y"":342.4005681818182},{""x"":237.50000000000003,""y"":342.4005681818182},{""x"":234.09090909090912,""y"":342.4005681818182},{""x"":230.68181818181822,""y"":343.53693181818187},{""x"":226.13636363636365,""y"":344.6732954545455},{""x"":221.59090909090912,""y"":345.8096590909091},{""x"":215.90909090909093,""y"":346.94602272727275},{""x"":210.22727272727275,""y"":346.94602272727275},{""x"":206.81818181818184,""y"":348.0823863636364},{""x"":201.13636363636365,""y"":349.21875000000006},{""x"":196.59090909090912,""y"":349.21875000000006},{""x"":192.04545454545456,""y"":349.21875000000006},{""x"":186.36363636363637,""y"":349.21875000000006},{""x"":181.81818181818184,""y"":349.21875000000006},{""x"":176.13636363636365,""y"":349.21875000000006},{""x"":171.5909090909091,""y"":349.21875000000006},{""x"":167.04545454545456,""y"":346.94602272727275},{""x"":161.36363636363637,""y"":343.53693181818187},{""x"":155.6818181818182,""y"":340.12784090909093},{""x"":150,""y"":335.5823863636364},{""x"":144.31818181818184,""y"":329.9005681818182},{""x"":138.63636363636365,""y"":323.0823863636364},{""x"":134.0909090909091,""y"":315.12784090909093},{""x"":128.4090909090909,""y"":308.3096590909091},{""x"":125.00000000000001,""y"":300.3551136363637},{""x"":121.59090909090911,""y"":293.53693181818187},{""x"":119.31818181818183,""y"":286.71875},{""x"":118.18181818181819,""y"":278.76420454545456},{""x"":117.04545454545456,""y"":270.8096590909091},{""x"":117.04545454545456,""y"":263.9914772727273},{""x"":117.04545454545456,""y"":258.3096590909091},{""x"":117.04545454545456,""y"":251.4914772727273},{""x"":117.04545454545456,""y"":244.67329545454547},{""x"":118.18181818181819,""y"":237.85511363636365},{""x"":120.45454545454547,""y"":231.03693181818184},{""x"":123.86363636363637,""y"":223.08238636363637},{""x"":127.27272727272728,""y"":215.12784090909093},{""x"":131.81818181818184,""y"":207.17329545454547},{""x"":136.36363636363637,""y"":200.35511363636365},{""x"":142.04545454545456,""y"":193.53693181818184},{""x"":146.5909090909091,""y"":187.85511363636365},{""x"":152.27272727272728,""y"":181.03693181818184},{""x"":159.0909090909091,""y"":176.49147727272728},{""x"":164.77272727272728,""y"":171.94602272727275},{""x"":171.5909090909091,""y"":167.4005681818182},{""x"":179.54545454545456,""y"":165.12784090909093},{""x"":187.50000000000003,""y"":162.85511363636365},{""x"":195.45454545454547,""y"":160.58238636363637},{""x"":203.40909090909093,""y"":159.44602272727275},{""x"":211.36363636363637,""y"":159.44602272727275},{""x"":218.1818181818182,""y"":159.44602272727275},{""x"":225.00000000000003,""y"":159.44602272727275},{""x"":231.81818181818184,""y"":159.44602272727275},{""x"":237.50000000000003,""y"":160.58238636363637},{""x"":244.31818181818184,""y"":162.85511363636365},{""x"":250.00000000000003,""y"":165.12784090909093},{""x"":254.54545454545456,""y"":167.4005681818182},{""x"":259.0909090909091,""y"":170.8096590909091},{""x"":263.6363636363637,""y"":173.08238636363637},{""x"":268.1818181818182,""y"":176.49147727272728},{""x"":272.72727272727275,""y"":179.9005681818182},{""x"":276.1363636363637,""y"":183.3096590909091},{""x"":278.40909090909093,""y"":186.71875000000003},{""x"":281.81818181818187,""y"":190.12784090909093},{""x"":284.0909090909091,""y"":193.53693181818184},{""x"":286.3636363636364,""y"":198.08238636363637},{""x"":288.6363636363637,""y"":202.62784090909093},{""x"":290.90909090909093,""y"":207.17329545454547},{""x"":292.04545454545456,""y"":212.85511363636365},{""x"":293.1818181818182,""y"":217.4005681818182},{""x"":294.31818181818187,""y"":223.08238636363637},{""x"":294.31818181818187,""y"":228.76420454545456},{""x"":294.31818181818187,""y"":234.44602272727275},{""x"":294.31818181818187,""y"":238.99147727272728},{""x"":294.31818181818187,""y"":244.67329545454547},{""x"":294.31818181818187,""y"":251.4914772727273},{""x"":294.31818181818187,""y"":257.1732954545455},{""x"":294.31818181818187,""y"":262.8551136363637},{""x"":293.1818181818182,""y"":267.4005681818182},{""x"":290.90909090909093,""y"":271.94602272727275},{""x"":289.7727272727273,""y"":276.4914772727273},{""x"":288.6363636363637,""y"":279.9005681818182},{""x"":286.3636363636364,""y"":283.3096590909091},{""x"":285.22727272727275,""y"":286.71875},{""x"":282.9545454545455,""y"":288.9914772727273},{""x"":280.6818181818182,""y"":292.4005681818182},{""x"":277.2727272727273,""y"":296.94602272727275},{""x"":275,""y"":299.21875},{""x"":272.72727272727275,""y"":302.62784090909093},{""x"":271.5909090909091,""y"":304.9005681818182},{""x"":269.31818181818187,""y"":307.1732954545455},{""x"":267.04545454545456,""y"":310.5823863636364},{""x"":264.7727272727273,""y"":312.8551136363637},{""x"":262.5,""y"":316.26420454545456},{""x"":259.0909090909091,""y"":319.6732954545455},{""x"":256.8181818181818,""y"":323.0823863636364},{""x"":253.40909090909093,""y"":325.3551136363637},{""x"":251.13636363636365,""y"":328.76420454545456},{""x"":247.72727272727275,""y"":331.03693181818187},{""x"":245.45454545454547,""y"":332.1732954545455},{""x"":242.04545454545456,""y"":334.44602272727275},{""x"":238.63636363636365,""y"":335.5823863636364},{""x"":234.09090909090912,""y"":337.8551136363637},{""x"":230.68181818181822,""y"":338.9914772727273},{""x"":226.13636363636365,""y"":341.26420454545456},{""x"":221.59090909090912,""y"":342.4005681818182},{""x"":217.04545454545456,""y"":343.53693181818187},{""x"":211.36363636363637,""y"":344.6732954545455},{""x"":205.6818181818182,""y"":344.6732954545455}]",2025-09-16T14:49:41,v1.0,male,20s,right,pc,,,
8,2025-09-16T14:50:25,1as8iwft,7,8,8,"[{""x"":237.50000000000003,""y"":417.40056818181824},{""x"":237.50000000000003,""y"":417.40056818181824},{""x"":232.95454545454547,""y"":417.40056818181824},{""x"":204.54545454545456,""y"":417.40056818181824},{""x"":184.0909090909091,""y"":417.40056818181824},{""x"":161.36363636363637,""y"":417.40056818181824},{""x"":139.77272727272728,""y"":413.9914772727273},{""x"":113.63636363636364,""y"":401.4914772727273},{""x"":85.22727272727273,""y"":377.62784090909093},{""x"":61.36363636363637,""y"":345.8096590909091},{""x"":43.18181818181819,""y"":310.5823863636364},{""x"":28.40909090909091,""y"":274.21875},{""x"":20.454545454545457,""y"":241.26420454545456},{""x"":18.181818181818183,""y"":210.58238636363637},{""x"":22.72727272727273,""y"":174.21875000000003},{""x"":42.04545454545455,""y"":131.03693181818184},{""x"":69.31818181818183,""y"":95.8096590909091},{""x"":100.00000000000001,""y"":68.53693181818183},{""x"":136.36363636363637,""y"":45.80965909090909},{""x"":170.45454545454547,""y"":31.03693181818182},{""x"":202.27272727272728,""y"":24.218750000000004},{""x"":232.95454545454547,""y"":23.082386363636367},{""x"":261.3636363636364,""y"":24.218750000000004},{""x"":287.5,""y"":29.900568181818183},{""x"":310.22727272727275,""y"":42.40056818181819},{""x"":329.54545454545456,""y"":59.446022727272734},{""x"":346.5909090909091,""y"":79.90056818181819},{""x"":361.3636363636364,""y"":102.62784090909092},{""x"":375.00000000000006,""y"":127.62784090909092},{""x"":385.22727272727275,""y"":154.9005681818182},{""x"":390.90909090909093,""y"":183.3096590909091},{""x"":394.31818181818187,""y"":210.58238636363637},{""x"":394.31818181818187,""y"":235.58238636363637},{""x"":390.90909090909093,""y"":259.44602272727275},{""x"":382.9545454545455,""y"":281.03693181818187},{""x"":373.8636363636364,""y"":300.3551136363637},{""x"":360.22727272727275,""y"":320.8096590909091},{""x"":344.31818181818187,""y"":342.4005681818182},{""x"":326.1363636363637,""y"":360.5823863636364},{""x"":306.81818181818187,""y"":377.62784090909093},{""x"":287.5,""y"":392.40056818181824},{""x"":267.04545454545456,""y"":406.03693181818187},{""x"":245.45454545454547,""y"":416.26420454545456},{""x"":222.72727272727275,""y"":426.4914772727273},{""x"":201.13636363636365,""y"":434.44602272727275},{""x"":181.81818181818184,""y"":440.12784090909093},{""x"":163.63636363636365,""y"":444.6732954545455},{""x"":146.5909090909091,""y"":446.94602272727275},{""x"":131.81818181818184,""y"":448.08238636363643},{""x"":115.90909090909092,""y"":449.21875000000006},{""x"":103.40909090909092,""y"":446.94602272727275}]",2025-09-16T14:49:41,v1.0,male,20s,right,pc,,,
9,2025-09-16T14:50:33,1as8iwft,0,-8,9,"[{""x"":318.1818181818182,""y"":373.0823863636364},{""x"":318.1818181818182,""y"":373.0823863636364},{""x"":317.04545454545456,""y"":373.0823863636364},{""x"":313.6363636363637,""y"":373.0823863636364},{""x"":309.0909090909091,""y"":373.0823863636364},{""x"":303.40909090909093,""y"":373.0823863636364},{""x"":298.8636363636364,""y"":375.3551136363637},{""x"":294.31818181818187,""y"":376.4914772727273},{""x"":288.6363636363637,""y"":377.62784090909093},{""x"":285.22727272727275,""y"":378.76420454545456},{""x"":280.6818181818182,""y"":379.90056818181824},{""x"":276.1363636363637,""y"":381.03693181818187},{""x"":271.5909090909091,""y"":381.03693181818187},{""x"":268.1818181818182,""y"":382.1732954545455},{""x"":263.6363636363637,""y"":382.1732954545455},{""x"":259.0909090909091,""y"":383.3096590909091},{""x"":255.68181818181822,""y"":383.3096590909091},{""x"":251.13636363636365,""y"":383.3096590909091},{""x"":246.59090909090912,""y"":383.3096590909091},{""x"":242.04545454545456,""y"":383.3096590909091},{""x"":236.36363636363637,""y"":383.3096590909091},{""x"":231.81818181818184,""y"":381.03693181818187},{""x"":227.27272727272728,""y"":379.90056818181824},{""x"":222.72727272727275,""y"":377.62784090909093},{""x"":217.04545454545456,""y"":374.21875000000006},{""x"":212.50000000000003,""y"":370.8096590909091},{""x"":207.95454545454547,""y"":368.53693181818187},{""x"":203.40909090909093,""y"":363.9914772727273},{""x"":200.00000000000003,""y"":361.71875000000006},{""x"":195.45454545454547,""y"":358.3096590909091},{""x"":192.04545454545456,""y"":354.9005681818182},{""x"":187.50000000000003,""y"":350.3551136363637},{""x"":182.95454545454547,""y"":345.8096590909091},{""x"":178.40909090909093,""y"":341.26420454545456},{""x"":172.72727272727275,""y"":334.44602272727275},{""x"":167.04545454545456,""y"":328.76420454545456},{""x"":161.36363636363637,""y"":320.8096590909091},{""x"":155.6818181818182,""y"":312.8551136363637},{""x"":151.13636363636365,""y"":303.76420454545456},{""x"":147.72727272727275,""y"":295.8096590909091},{""x"":144.31818181818184,""y"":288.9914772727273},{""x"":143.1818181818182,""y"":282.1732954545455},{""x"":140.90909090909093,""y"":275.3551136363637},{""x"":139.77272727272728,""y"":268.53693181818187},{""x"":138.63636363636365,""y"":262.8551136363637},{""x"":138.63636363636365,""y"":254.90056818181822},{""x"":137.5,""y"":248.08238636363637},{""x"":137.5,""y"":241.26420454545456},{""x"":137.5,""y"":235.58238636363637},{""x"":138.63636363636365,""y"":229.90056818181822},{""x"":139.77272727272728,""y"":223.08238636363637},{""x"":142.04545454545456,""y"":217.4005681818182},{""x"":144.31818181818184,""y"":210.58238636363637},{""x"":147.72727272727275,""y"":203.76420454545456},{""x"":151.13636363636365,""y"":198.08238636363637},{""x"":155.6818181818182,""y"":192.4005681818182},{""x"":160.22727272727275,""y"":186.71875000000003},{""x"":165.90909090909093,""y"":181.03693181818184},{""x"":171.5909090909091,""y"":176.49147727272728},{""x"":178.40909090909093,""y"":170.8096590909091},{""x"":185.22727272727275,""y"":165.12784090909093},{""x"":193.1818181818182,""y"":159.44602272727275},{""x"":201.13636363636365,""y"":154.9005681818182},{""x"":207.95454545454547,""y"":151.49147727272728},{""x"":215.90909090909093,""y"":148.08238636363637},{""x"":222.72727272727275,""y"":144.67329545454547},{""x"":230.68181818181822,""y"":142.4005681818182},{""x"":237.50000000000003,""y"":140.12784090909093},{""x"":246.59090909090912,""y"":137.85511363636365},{""x"":254.54545454545456,""y"":135.58238636363637},{""x"":262.5,""y"":133.3096590909091},{""x"":270.4545454545455,""y"":133.3096590909091},{""x"":277.2727272727273,""y"":132.17329545454547},{""x"":282.9545454545455,""y"":132.17329545454547},{""x"":289.7727272727273,""y"":132.17329545454547},{""x"":295.4545454545455,""y"":132.17329545454547},{""x"":302.2727272727273,""y"":132.17329545454547},{""x"":307.9545454545455,""y"":132.17329545454547},{""x"":312.5,""y"":132.17329545454547},{""x"":318.1818181818182,""y"":132.17329545454547},{""x"":322.72727272727275,""y"":133.3096590909091},{""x"":327.2727272727273,""y"":135.58238636363637},{""x"":331.81818181818187,""y"":136.71875},{""x"":336.3636363636364,""y"":138.99147727272728},{""x"":340.90909090909093,""y"":141.26420454545456},{""x"":345.4545454545455,""y"":144.67329545454547},{""x"":350.00000000000006,""y"":148.08238636363637},{""x"":354.54545454545456,""y"":151.49147727272728},{""x"":357.9545454545455,""y"":154.9005681818182},{""x"":361.3636363636364,""y"":159.44602272727275},{""x"":364.7727272727273,""y"":163.99147727272728},{""x"":368.1818181818182,""y"":167.4005681818182},{""x"":371.5909090909091,""y"":173.08238636363637},{""x"":375.00000000000006,""y"":178.76420454545456},{""x"":377.2727272727273,""y"":184.44602272727275},{""x"":379.54545454545456,""y"":188.99147727272728},{""x"":380.68181818181824,""y"":193.53693181818184},{""x"":382.9545454545455,""y"":199.21875000000003},{""x"":384.0909090909091,""y"":203.76420454545456},{""x"":385.22727272727275,""y"":208.30965909090912},{""x"":386.3636363636364,""y"":212.85511363636365},{""x"":387.50000000000006,""y"":217.4005681818182},{""x"":387.50000000000006,""y"":223.08238636363637},{""x"":387.50000000000006,""y"":228.76420454545456},{""x"":387.50000000000006,""y"":233.30965909090912},{""x"":387.50000000000006,""y"":238.99147727272728},{""x"":387.50000000000006,""y"":244.67329545454547},{""x"":387.50000000000006,""y"":250.35511363636365},{""x"":386.3636363636364,""y"":256.0369318181818},{""x"":385.22727272727275,""y"":260.5823863636364},{""x"":384.0909090909091,""y"":265.12784090909093},{""x"":382.9545454545455,""y"":270.8096590909091},{""x"":380.68181818181824,""y"":275.3551136363637},{""x"":379.54545454545456,""y"":279.9005681818182},{""x"":377.2727272727273,""y"":283.3096590909091},{""x"":376.1363636363637,""y"":287.8551136363637},{""x"":373.8636363636364,""y"":291.26420454545456},{""x"":371.5909090909091,""y"":295.8096590909091},{""x"":369.31818181818187,""y"":299.21875},{""x"":367.04545454545456,""y"":302.62784090909093},{""x"":365.90909090909093,""y"":306.03693181818187},{""x"":363.6363636363637,""y"":309.44602272727275},{""x"":361.3636363636364,""y"":311.71875},{""x"":360.22727272727275,""y"":315.12784090909093},{""x"":357.9545454545455,""y"":317.4005681818182},{""x"":356.81818181818187,""y"":320.8096590909091},{""x"":354.54545454545456,""y"":323.0823863636364},{""x"":352.2727272727273,""y"":325.3551136363637},{""x"":350.00000000000006,""y"":328.76420454545456},{""x"":347.72727272727275,""y"":331.03693181818187},{""x"":345.4545454545455,""y"":333.3096590909091},{""x"":343.1818181818182,""y"":335.5823863636364},{""x"":340.90909090909093,""y"":337.8551136363637},{""x"":338.6363636363637,""y"":340.12784090909093},{""x"":335.22727272727275,""y"":342.4005681818182},{""x"":332.9545454545455,""y"":345.8096590909091},{""x"":330.6818181818182,""y"":348.0823863636364},{""x"":328.40909090909093,""y"":350.3551136363637},{""x"":326.1363636363637,""y"":352.62784090909093},{""x"":322.72727272727275,""y"":354.9005681818182},{""x"":320.4545454545455,""y"":356.03693181818187},{""x"":318.1818181818182,""y"":358.3096590909091},{""x"":314.7727272727273,""y"":360.5823863636364},{""x"":312.5,""y"":362.8551136363637},{""x"":309.0909090909091,""y"":363.9914772727273},{""x"":306.81818181818187,""y"":366.26420454545456},{""x"":304.54545454545456,""y"":367.4005681818182},{""x"":302.2727272727273,""y"":368.53693181818187},{""x"":301.1363636363637,""y"":369.6732954545455},{""x"":298.8636363636364,""y"":369.6732954545455},{""x"":297.72727272727275,""y"":370.8096590909091},{""x"":295.4545454545455,""y"":371.94602272727275},{""x"":294.31818181818187,""y"":371.94602272727275},{""x"":293.1818181818182,""y"":373.0823863636364},{""x"":292.04545454545456,""y"":373.0823863636364},{""x"":290.90909090909093,""y"":374.21875000000006},{""x"":289.7727272727273,""y"":375.3551136363637},{""x"":288.6363636363637,""y"":375.3551136363637},{""x"":287.5,""y"":375.3551136363637},{""x"":285.22727272727275,""y"":375.3551136363637},{""x"":281.81818181818187,""y"":374.21875000000006},{""x"":280.6818181818182,""y"":374.21875000000006}]",2025-09-16T14:49:41,v1.0,male,20s,right,pc,,,
10,2025-09-16T14:50:41,1as8iwft,9,-6,10,"[{""x"":247.72727272727275,""y"":433.3096590909091},{""x"":247.72727272727275,""y"":433.3096590909091},{""x"":245.45454545454547,""y"":433.3096590909091},{""x"":237.50000000000003,""y"":433.3096590909091},{""x"":230.68181818181822,""y"":434.44602272727275},{""x"":222.72727272727275,""y"":435.5823863636364},{""x"":214.77272727272728,""y"":435.5823863636364},{""x"":206.81818181818184,""y"":436.71875000000006},{""x"":197.72727272727275,""y"":436.71875000000006},{""x"":189.77272727272728,""y"":436.71875000000006},{""x"":181.81818181818184,""y"":435.5823863636364},{""x"":173.86363636363637,""y"":433.3096590909091},{""x"":167.04545454545456,""y"":431.03693181818187},{""x"":159.0909090909091,""y"":427.62784090909093},{""x"":151.13636363636365,""y"":421.94602272727275},{""x"":142.04545454545456,""y"":415.12784090909093},{""x"":131.81818181818184,""y"":406.03693181818187},{""x"":120.45454545454547,""y"":394.6732954545455},{""x"":109.0909090909091,""y"":382.1732954545455},{""x"":98.86363636363637,""y"":370.8096590909091},{""x"":89.77272727272728,""y"":357.1732954545455},{""x"":82.95454545454547,""y"":344.6732954545455},{""x"":76.13636363636364,""y"":331.03693181818187},{""x"":71.5909090909091,""y"":313.9914772727273},{""x"":68.18181818181819,""y"":293.53693181818187},{""x"":65.90909090909092,""y"":271.94602272727275},{""x"":65.90909090909092,""y"":250.35511363636365},{""x"":67.04545454545455,""y"":232.17329545454547},{""x"":70.45454545454547,""y"":210.58238636363637},{""x"":77.27272727272728,""y"":191.26420454545456},{""x"":84.0909090909091,""y"":173.08238636363637},{""x"":90.90909090909092,""y"":154.9005681818182},{""x"":97.72727272727273,""y"":138.99147727272728},{""x"":105.68181818181819,""y"":124.21875000000001},{""x"":112.50000000000001,""y"":111.71875000000001},{""x"":121.59090909090911,""y"":99.21875000000001},{""x"":130.6818181818182,""y"":90.12784090909092},{""x"":139.77272727272728,""y"":81.03693181818183},{""x"":150,""y"":73.08238636363637},{""x"":162.50000000000003,""y"":67.40056818181819},{""x"":175.00000000000003,""y"":61.71875000000001},{""x"":187.50000000000003,""y"":57.17329545454546},{""x"":201.13636363636365,""y"":52.627840909090914},{""x"":215.90909090909093,""y"":50.35511363636364},{""x"":228.40909090909093,""y"":48.08238636363637},{""x"":242.04545454545456,""y"":46.946022727272734},{""x"":254.54545454545456,""y"":45.80965909090909},{""x"":265.90909090909093,""y"":45.80965909090909},{""x"":277.2727272727273,""y"":46.946022727272734},{""x"":289.7727272727273,""y"":48.08238636363637},{""x"":301.1363636363637,""y"":52.627840909090914},{""x"":312.5,""y"":57.17329545454546},{""x"":322.72727272727275,""y"":62.85511363636364},{""x"":331.81818181818187,""y"":68.53693181818183},{""x"":340.90909090909093,""y"":75.35511363636364},{""x"":350.00000000000006,""y"":82.17329545454547},{""x"":357.9545454545455,""y"":88.99147727272728},{""x"":364.7727272727273,""y"":98.08238636363637},{""x"":372.72727272727275,""y"":108.3096590909091},{""x"":379.54545454545456,""y"":118.53693181818183},{""x"":385.22727272727275,""y"":131.03693181818184},{""x"":389.7727272727273,""y"":143.53693181818184},{""x"":394.31818181818187,""y"":154.9005681818182},{""x"":397.72727272727275,""y"":166.26420454545456},{""x"":400.00000000000006,""y"":178.76420454545456},{""x"":402.2727272727273,""y"":191.26420454545456},{""x"":404.54545454545456,""y"":204.9005681818182},{""x"":405.68181818181824,""y"":218.53693181818184},{""x"":406.81818181818187,""y"":229.90056818181822},{""x"":406.81818181818187,""y"":241.26420454545456},{""x"":406.81818181818187,""y"":251.4914772727273},{""x"":406.81818181818187,""y"":261.71875},{""x"":406.81818181818187,""y"":273.0823863636364},{""x"":404.54545454545456,""y"":284.44602272727275},{""x"":402.2727272727273,""y"":295.8096590909091},{""x"":398.8636363636364,""y"":307.1732954545455},{""x"":396.5909090909091,""y"":316.26420454545456},{""x"":393.18181818181824,""y"":325.3551136363637},{""x"":389.7727272727273,""y"":332.1732954545455},{""x"":386.3636363636364,""y"":338.9914772727273},{""x"":381.81818181818187,""y"":344.6732954545455},{""x"":377.2727272727273,""y"":350.3551136363637},{""x"":372.72727272727275,""y"":356.03693181818187},{""x"":365.90909090909093,""y"":360.5823863636364},{""x"":360.22727272727275,""y"":366.26420454545456},{""x"":352.2727272727273,""y"":370.8096590909091},{""x"":345.4545454545455,""y"":376.4914772727273},{""x"":337.50000000000006,""y"":382.1732954545455},{""x"":328.40909090909093,""y"":387.8551136363637},{""x"":320.4545454545455,""y"":392.40056818181824},{""x"":312.5,""y"":396.94602272727275},{""x"":306.81818181818187,""y"":400.3551136363637},{""x"":302.2727272727273,""y"":403.76420454545456},{""x"":296.5909090909091,""y"":407.1732954545455},{""x"":290.90909090909093,""y"":409.44602272727275},{""x"":286.3636363636364,""y"":412.8551136363637},{""x"":281.81818181818187,""y"":416.26420454545456},{""x"":277.2727272727273,""y"":419.6732954545455},{""x"":272.72727272727275,""y"":421.94602272727275},{""x"":269.31818181818187,""y"":425.3551136363637},{""x"":264.7727272727273,""y"":427.62784090909093},{""x"":261.3636363636364,""y"":428.76420454545456},{""x"":256.8181818181818,""y"":431.03693181818187},{""x"":253.40909090909093,""y"":432.1732954545455},{""x"":248.86363636363637,""y"":433.3096590909091},{""x"":244.31818181818184,""y"":434.44602272727275},{""x"":240.90909090909093,""y"":435.5823863636364},{""x"":236.36363636363637,""y"":436.71875000000006},{""x"":230.68181818181822,""y"":436.71875000000006},{""x"":225.00000000000003,""y"":437.8551136363637},{""x"":217.04545454545456,""y"":436.71875000000006},{""x"":207.95454545454547,""y"":433.3096590909091},{""x"":200.00000000000003,""y"":428.76420454545456}]",2025-09-16T14:49:41,v1.0,male,20s,right,pc,,,
11,2025-09-16T15:19:42,1as8iwft,-8,-2,1,"[{""x"":269.31818181818187,""y"":388.4232954545455},{""x"":268.1818181818182,""y"":388.4232954545455},{""x"":267.04545454545456,""y"":388.4232954545455},{""x"":261.3636363636364,""y"":388.4232954545455},{""x"":250.00000000000003,""y"":388.4232954545455},{""x"":234.09090909090912,""y"":388.4232954545455},{""x"":214.77272727272728,""y"":388.4232954545455},{""x"":192.04545454545456,""y"":383.87784090909093},{""x"":164.77272727272728,""y"":369.1051136363637},{""x"":137.5,""y"":342.96875000000006},{""x"":119.31818181818183,""y"":307.7414772727273},{""x"":111.36363636363637,""y"":267.96875},{""x"":111.36363636363637,""y"":227.05965909090912},{""x"":119.31818181818183,""y"":188.42329545454547},{""x"":139.77272727272728,""y"":158.87784090909093},{""x"":170.45454545454547,""y"":137.28693181818184},{""x"":211.36363636363637,""y"":125.92329545454547},{""x"":257.9545454545455,""y"":124.78693181818183},{""x"":301.1363636363637,""y"":138.42329545454547},{""x"":335.22727272727275,""y"":165.69602272727275},{""x"":362.50000000000006,""y"":200.92329545454547},{""x"":384.0909090909091,""y"":241.83238636363637},{""x"":394.31818181818187,""y"":278.19602272727275},{""x"":397.72727272727275,""y"":310.01420454545456},{""x"":394.31818181818187,""y"":338.4232954545455},{""x"":384.0909090909091,""y"":362.28693181818187},{""x"":367.04545454545456,""y"":383.87784090909093},{""x"":339.7727272727273,""y"":403.19602272727275},{""x"":300,""y"":417.96875000000006},{""x"":260.22727272727275,""y"":423.65056818181824},{""x"":221.59090909090912,""y"":423.65056818181824},{""x"":190.90909090909093,""y"":423.65056818181824}]",2025-09-16T14:49:41,v1.0,male,20s,right,pc,,,
12,2025-09-16T15:19:43,1as8iwft,-1,7,2,"[{""x"":267.04545454545456,""y"":391.8323863636364},{""x"":267.04545454545456,""y"":391.8323863636364},{""x"":264.7727272727273,""y"":391.8323863636364},{""x"":259.0909090909091,""y"":391.8323863636364},{""x"":247.72727272727275,""y"":391.8323863636364},{""x"":221.59090909090912,""y"":391.8323863636364},{""x"":185.22727272727275,""y"":391.8323863636364},{""x"":148.86363636363637,""y"":382.7414772727273},{""x"":112.50000000000001,""y"":358.87784090909093},{""x"":81.81818181818183,""y"":319.1051136363637},{""x"":65.90909090909092,""y"":267.96875},{""x"":61.36363636363637,""y"":221.37784090909093},{""x"":65.90909090909092,""y"":181.60511363636365},{""x"":81.81818181818183,""y"":145.24147727272728},{""x"":110.22727272727273,""y"":121.37784090909092},{""x"":152.27272727272728,""y"":106.60511363636364},{""x"":200.00000000000003,""y"":102.0596590909091},{""x"":238.63636363636365,""y"":111.15056818181819},{""x"":270.4545454545455,""y"":133.87784090909093},{""x"":296.5909090909091,""y"":164.5596590909091},{""x"":311.3636363636364,""y"":197.51420454545456},{""x"":317.04545454545456,""y"":230.46875000000003},{""x"":317.04545454545456,""y"":262.28693181818187},{""x"":310.22727272727275,""y"":289.5596590909091},{""x"":293.1818181818182,""y"":312.28693181818187},{""x"":270.4545454545455,""y"":328.19602272727275},{""x"":240.90909090909093,""y"":338.4232954545455},{""x"":206.81818181818184,""y"":344.1051136363637},{""x"":177.27272727272728,""y"":344.1051136363637},{""x"":154.54545454545456,""y"":344.1051136363637}]",2025-09-16T14:49:41,v1.0,male,20s,right,pc,,,
13,2025-09-16T15:19:45,1as8iwft,-5,-4,3,"[{""x"":310.22727272727275,""y"":458.87784090909093},{""x"":310.22727272727275,""y"":458.87784090909093},{""x"":309.0909090909091,""y"":458.87784090909093},{""x"":302.2727272727273,""y"":458.87784090909093},{""x"":288.6363636363637,""y"":458.87784090909093},{""x"":260.22727272727275,""y"":458.87784090909093},{""x"":220.45454545454547,""y"":453.19602272727275},{""x"":168.1818181818182,""y"":421.37784090909093},{""x"":119.31818181818183,""y"":367.96875000000006},{""x"":93.18181818181819,""y"":304.3323863636364},{""x"":85.22727272727273,""y"":247.51420454545456},{""x"":90.90909090909092,""y"":198.6505681818182},{""x"":110.22727272727273,""y"":160.01420454545456},{""x"":148.86363636363637,""y"":138.42329545454547},{""x"":197.72727272727275,""y"":128.19602272727275},{""x"":239.77272727272728,""y"":131.60511363636365},{""x"":284.0909090909091,""y"":148.6505681818182},{""x"":320.4545454545455,""y"":179.33238636363637},{""x"":339.7727272727273,""y"":214.55965909090912},{""x"":348.8636363636364,""y"":254.33238636363637},{""x"":345.4545454545455,""y"":294.1051136363637},{""x"":331.81818181818187,""y"":331.6051136363637},{""x"":309.0909090909091,""y"":364.5596590909091},{""x"":280.6818181818182,""y"":388.4232954545455},{""x"":240.90909090909093,""y"":403.19602272727275},{""x"":205.6818181818182,""y"":408.87784090909093},{""x"":182.95454545454547,""y"":405.46875000000006}]",2025-09-16T14:49:41,v1.0,male,20s,right,pc,,,
14,2025-09-16T15:19:47,1as8iwft,-7,-6,4,"[{""x"":304.54545454545456,""y"":421.37784090909093},{""x"":304.54545454545456,""y"":421.37784090909093},{""x"":303.40909090909093,""y"":422.51420454545456},{""x"":301.1363636363637,""y"":422.51420454545456},{""x"":290.90909090909093,""y"":423.65056818181824},{""x"":264.7727272727273,""y"":424.78693181818187},{""x"":227.27272727272728,""y"":423.65056818181824},{""x"":186.36363636363637,""y"":415.69602272727275},{""x"":153.40909090909093,""y"":398.65056818181824},{""x"":126.13636363636365,""y"":363.4232954545455},{""x"":106.81818181818183,""y"":316.8323863636364},{""x"":106.81818181818183,""y"":272.51420454545456},{""x"":119.31818181818183,""y"":230.46875000000003},{""x"":148.86363636363637,""y"":194.10511363636365},{""x"":192.04545454545456,""y"":171.37784090909093},{""x"":240.90909090909093,""y"":162.28693181818184},{""x"":289.7727272727273,""y"":170.24147727272728},{""x"":332.9545454545455,""y"":198.6505681818182},{""x"":362.50000000000006,""y"":237.28693181818184},{""x"":378.40909090909093,""y"":274.78693181818187},{""x"":385.22727272727275,""y"":312.28693181818187},{""x"":381.81818181818187,""y"":344.1051136363637},{""x"":364.7727272727273,""y"":371.37784090909093},{""x"":337.50000000000006,""y"":395.2414772727273},{""x"":301.1363636363637,""y"":414.5596590909091},{""x"":261.3636363636364,""y"":427.0596590909091},{""x"":231.81818181818184,""y"":435.01420454545456},{""x"":209.09090909090912,""y"":439.5596590909091},{""x"":193.1818181818182,""y"":442.96875000000006},{""x"":184.0909090909091,""y"":445.2414772727273}]",2025-09-16T14:49:41,v1.0,male,20s,right,pc,,,
15,2025-09-16T15:19:49,1as8iwft,7,-3,5,"[{""x"":302.2727272727273,""y"":456.6051136363637},{""x"":302.2727272727273,""y"":456.6051136363637},{""x"":300,""y"":457.7414772727273},{""x"":295.4545454545455,""y"":458.87784090909093},{""x"":280.6818181818182,""y"":460.01420454545456},{""x"":256.8181818181818,""y"":460.01420454545456},{""x"":220.45454545454547,""y"":458.87784090909093},{""x"":181.81818181818184,""y"":448.65056818181824},{""x"":147.72727272727275,""y"":416.8323863636364},{""x"":122.72727272727273,""y"":361.1505681818182},{""x"":114.77272727272728,""y"":282.7414772727273},{""x"":125.00000000000001,""y"":205.46875000000003},{""x"":156.81818181818184,""y"":150.92329545454547},{""x"":204.54545454545456,""y"":113.42329545454547},{""x"":237.50000000000003,""y"":99.78693181818183},{""x"":288.6363636363637,""y"":98.65056818181819},{""x"":363.6363636363637,""y"":111.15056818181819},{""x"":425.00000000000006,""y"":148.6505681818182},{""x"":469.31818181818187,""y"":196.37784090909093},{""x"":488.6363636363637,""y"":253.19602272727275},{""x"":492.04545454545456,""y"":308.87784090909093},{""x"":478.40909090909093,""y"":355.46875000000006},{""x"":446.5909090909091,""y"":399.78693181818187},{""x"":400.00000000000006,""y"":435.01420454545456},{""x"":344.31818181818187,""y"":448.65056818181824},{""x"":285.22727272727275,""y"":447.51420454545456},{""x"":243.18181818181822,""y"":438.4232954545455},{""x"":220.45454545454547,""y"":428.19602272727275},{""x"":198.86363636363637,""y"":416.8323863636364}]",2025-09-16T14:49:41,v1.0,male,20s,right,pc,,,
16,2025-09-16T15:19:52,1as8iwft,-7,3,6,"[{""x"":255.68181818181822,""y"":396.37784090909093},{""x"":253.40909090909093,""y"":398.65056818181824},{""x"":250.00000000000003,""y"":402.0596590909091},{""x"":246.59090909090912,""y"":402.0596590909091},{""x"":239.77272727272728,""y"":402.0596590909091},{""x"":230.68181818181822,""y"":402.0596590909091},{""x"":219.31818181818184,""y"":402.0596590909091},{""x"":204.54545454545456,""y"":399.78693181818187},{""x"":181.81818181818184,""y"":385.01420454545456},{""x"":155.6818181818182,""y"":354.3323863636364},{""x"":127.27272727272728,""y"":304.3323863636364},{""x"":103.40909090909092,""y"":241.83238636363637},{""x"":90.90909090909092,""y"":188.42329545454547},{""x"":88.63636363636364,""y"":137.28693181818184},{""x"":97.72727272727273,""y"":87.28693181818183},{""x"":128.4090909090909,""y"":53.196022727272734},{""x"":186.36363636363637,""y"":22.514204545454547},{""x"":263.6363636363637,""y"":4.332386363636364},{""x"":346.5909090909091,""y"":8.87784090909091},{""x"":423.8636363636364,""y"":38.42329545454546},{""x"":485.22727272727275,""y"":89.5596590909091}]",2025-09-16T14:49:41,v1.0,male,20s,right,pc,,,
17,2025-09-16T15:19:54,1as8iwft,-6,-5,7,"[{""x"":312.5,""y"":452.0596590909091},{""x"":312.5,""y"":452.0596590909091},{""x"":310.22727272727275,""y"":454.33238636363643},{""x"":297.72727272727275,""y"":461.15056818181824},{""x"":273.8636363636364,""y"":470.2414772727273},{""x"":240.90909090909093,""y"":473.65056818181824},{""x"":186.36363636363637,""y"":471.37784090909093},{""x"":121.59090909090911,""y"":450.9232954545455},{""x"":73.86363636363637,""y"":406.6051136363637},{""x"":44.31818181818182,""y"":347.51420454545456},{""x"":31.81818181818182,""y"":281.6051136363637},{""x"":40.909090909090914,""y"":227.05965909090912},{""x"":72.72727272727273,""y"":182.74147727272728},{""x"":125.00000000000001,""y"":150.92329545454547},{""x"":186.36363636363637,""y"":132.74147727272728},{""x"":248.86363636363637,""y"":133.87784090909093},{""x"":305.6818181818182,""y"":155.46875},{""x"":344.31818181818187,""y"":191.83238636363637},{""x"":365.90909090909093,""y"":231.60511363636365},{""x"":375.00000000000006,""y"":274.78693181818187},{""x"":368.1818181818182,""y"":315.69602272727275},{""x"":343.1818181818182,""y"":355.46875000000006},{""x"":303.40909090909093,""y"":389.5596590909091},{""x"":263.6363636363637,""y"":410.01420454545456},{""x"":220.45454545454547,""y"":423.65056818181824},{""x"":179.54545454545456,""y"":430.46875000000006},{""x"":147.72727272727275,""y"":432.7414772727273},{""x"":128.4090909090909,""y"":432.7414772727273},{""x"":117.04545454545456,""y"":432.7414772727273}]",2025-09-16T14:49:41,v1.0,male,20s,right,pc,,,
18,2025-09-16T15:19:56,1as8iwft,9,-6,8,"[{""x"":346.5909090909091,""y"":400.9232954545455},{""x"":346.5909090909091,""y"":402.0596590909091},{""x"":346.5909090909091,""y"":404.3323863636364},{""x"":346.5909090909091,""y"":405.46875000000006},{""x"":346.5909090909091,""y"":406.6051136363637},{""x"":343.1818181818182,""y"":410.01420454545456},{""x"":332.9545454545455,""y"":413.4232954545455},{""x"":314.7727272727273,""y"":414.5596590909091},{""x"":289.7727272727273,""y"":414.5596590909091},{""x"":261.3636363636364,""y"":414.5596590909091},{""x"":234.09090909090912,""y"":410.01420454545456},{""x"":204.54545454545456,""y"":389.5596590909091},{""x"":180.6818181818182,""y"":353.19602272727275},{""x"":169.31818181818184,""y"":302.0596590909091},{""x"":165.90909090909093,""y"":239.55965909090912},{""x"":171.5909090909091,""y"":189.55965909090912},{""x"":195.45454545454547,""y"":142.96875},{""x"":235.22727272727275,""y"":102.0596590909091},{""x"":285.22727272727275,""y"":86.15056818181819},{""x"":343.1818181818182,""y"":81.60511363636364},{""x"":402.2727272727273,""y"":97.51420454545456},{""x"":452.2727272727273,""y"":137.28693181818184},{""x"":485.22727272727275,""y"":196.37784090909093},{""x"":497.72727272727275,""y"":264.5596590909091},{""x"":488.6363636363637,""y"":332.7414772727273},{""x"":454.54545454545456,""y"":396.37784090909093},{""x"":405.68181818181824,""y"":452.0596590909091},{""x"":348.8636363636364,""y"":496.37784090909093}]",2025-09-16T14:49:41,v1.0,male,20s,right,pc,,,
19,2025-09-16T15:19:58,1as8iwft,7,-1,9,"[{""x"":310.22727272727275,""y"":404.3323863636364},{""x"":310.22727272727275,""y"":408.87784090909093},{""x"":309.0909090909091,""y"":415.69602272727275},{""x"":305.6818181818182,""y"":422.51420454545456},{""x"":297.72727272727275,""y"":429.3323863636364},{""x"":282.9545454545455,""y"":436.15056818181824},{""x"":263.6363636363637,""y"":440.69602272727275},{""x"":240.90909090909093,""y"":440.69602272727275},{""x"":214.77272727272728,""y"":440.69602272727275},{""x"":187.50000000000003,""y"":433.87784090909093},{""x"":161.36363636363637,""y"":412.28693181818187},{""x"":145.45454545454547,""y"":379.3323863636364},{""x"":139.77272727272728,""y"":342.96875000000006},{""x"":138.63636363636365,""y"":304.3323863636364},{""x"":144.31818181818184,""y"":255.46875000000003},{""x"":161.36363636363637,""y"":207.74147727272728},{""x"":190.90909090909093,""y"":170.24147727272728},{""x"":228.40909090909093,""y"":138.42329545454547},{""x"":273.8636363636364,""y"":117.96875000000001},{""x"":322.72727272727275,""y"":108.87784090909092},{""x"":375.00000000000006,""y"":117.96875000000001},{""x"":423.8636363636364,""y"":149.78693181818184},{""x"":463.6363636363637,""y"":203.19602272727275},{""x"":487.50000000000006,""y"":255.46875000000003},{""x"":496.5909090909091,""y"":302.0596590909091},{""x"":497.72727272727275,""y"":344.1051136363637},{""x"":488.6363636363637,""y"":380.46875000000006},{""x"":471.5909090909091,""y"":411.15056818181824},{""x"":450.00000000000006,""y"":438.4232954545455},{""x"":422.72727272727275,""y"":463.4232954545455},{""x"":385.22727272727275,""y"":487.28693181818187}]",2025-09-16T14:49:41,v1.0,male,20s,right,pc,,,
20,2025-09-16T15:20:00,1as8iwft,-1,5,10,"[{""x"":322.72727272727275,""y"":429.3323863636364},{""x"":322.72727272727275,""y"":430.46875000000006},{""x"":321.5909090909091,""y"":431.6051136363637},{""x"":315.90909090909093,""y"":432.7414772727273},{""x"":304.54545454545456,""y"":436.15056818181824},{""x"":286.3636363636364,""y"":437.28693181818187},{""x"":261.3636363636364,""y"":438.4232954545455},{""x"":230.68181818181822,""y"":438.4232954545455},{""x"":197.72727272727275,""y"":433.87784090909093},{""x"":172.72727272727275,""y"":414.5596590909091},{""x"":154.54545454545456,""y"":382.7414772727273},{""x"":146.5909090909091,""y"":342.96875000000006},{""x"":144.31818181818184,""y"":296.37784090909093},{""x"":153.40909090909093,""y"":248.65056818181822},{""x"":178.40909090909093,""y"":206.60511363636365},{""x"":218.1818181818182,""y"":171.37784090909093},{""x"":259.0909090909091,""y"":149.78693181818184},{""x"":303.40909090909093,""y"":142.96875},{""x"":352.2727272727273,""y"":152.0596590909091},{""x"":389.7727272727273,""y"":185.01420454545456},{""x"":410.22727272727275,""y"":228.19602272727275},{""x"":418.18181818181824,""y"":275.9232954545455},{""x"":407.9545454545455,""y"":333.87784090909093},{""x"":377.2727272727273,""y"":385.01420454545456},{""x"":328.40909090909093,""y"":417.96875000000006},{""x"":260.22727272727275,""y"":441.83238636363643},{""x"":184.0909090909091,""y"":452.0596590909091},{""x"":123.86363636363637,""y"":454.33238636363643},{""x"":92.04545454545455,""y"":453.19602272727275},{""x"":70.45454545454547,""y"":450.9232954545455}]",2025-09-16T14:49:41,v1.0,male,20s,right,pc,,,
